   /* ============================================================
   DEMONSTRA’┐Į’┐ĮO DE UM AMBIENTE DE DATA WAREHOUSE
   
   Cen’┐Įrio: Gest’┐Įo de Atendimentos de Redes de Petshop

   Camadas:
   - OLTP: ambiente operacional;
   - STAGING: ’┐Įrea intermedi’┐Įria;
   - DW: ambiente dimensional.

   Conven’┐Į’┐Įes:
   - cod_: chave operacional ou chave natural;
   - id_: chave substituta, surrogate key;
   - data_carga: data de execu’┐Į’┐Įo do processo ETL.

   Dimens’┐Įes:
   - dim_tempo: dimens’┐Įes est’┐Įtica carregadas por intervalos
   - dim_filial:SCD Tipo 2;
   - dim_tipo_servico:SCD Tipo 1;
   - dim_funcionario:SCD Tipo 2;
   - dim_tutor:SCD Tipo 2;
   - dim_pet:SCD Tipo 2;
   - dim_quadro_clinico:SCD Tipo 2;

   Granularidade da fato:
   - uma linha para cada atendimento.
   ============================================================ */


/* ============================================================
   1. CRIA’┐Į’┐ĮO DO BANCO DE DADOS
   ============================================================ 
   */

   USE master 
   GO

   IF NOT EXISTS (SELECT name FROM sys.databases WHERE name = 'DW_Atendimentos')
    BEGIN
        CREATE DATABASE DW_Atendimentos;
    END
   GO

   USE DW_Atendimentos;
   GO

    /* ============================================================
   2. CRIA’┐Į’┐ĮO DOS SCHEMAS
   ============================================================ */

IF NOT EXISTS (SELECT 1 FROM sys.schemas WHERE name = 'oltp')
    EXEC('CREATE SCHEMA oltp');
GO

IF NOT EXISTS (SELECT 1 FROM sys.schemas WHERE name = 'staging')
    EXEC('CREATE SCHEMA staging');
GO

IF NOT EXISTS (SELECT 1 FROM sys.schemas WHERE name = 'dw')
    EXEC('CREATE SCHEMA dw');
GO

/* ============================================================
   3. REMO’┐Į’┐ĮO DOS OBJETOS ANTERIORES

   Essa etapa permite executar novamente todo o script.
   Os procedimentos s’┐Įo removidos antes das tabelas.
   ============================================================ */

DROP PROCEDURE IF EXISTS dw.sp_executar_etl;
DROP PROCEDURE IF EXISTS dw.sp_carregar_fato_atendimento;
DROP PROCEDURE IF EXISTS dw.sp_carregar_quadro_clinico;
DROP PROCEDURE IF EXISTS dw.sp_carregar_dim_tempo;
DROP PROCEDURE IF EXISTS dw.sp_carregar_dim_filial;
DROP PROCEDURE IF EXISTS dw.sp_carregar_dim_tipo_servico;
DROP PROCEDURE IF EXISTS dw.sp_carregar_dim_funcionario;
DROP PROCEDURE IF EXISTS dw.sp_carregar_dim_tutor;
DROP PROCEDURE IF EXISTS dw.sp_carregar_dim_pet;
DROP PROCEDURE IF EXISTS staging.sp_carregar_staging;
GO

DROP TABLE IF EXISTS dw.fato_atendimento;
DROP TABLE IF EXISTS dw.dim_quadro_clinico;
DROP TABLE IF EXISTS dw.dim_tempo;
DROP TABLE IF EXISTS dw.dim_turno;
DROP TABLE IF EXISTS dw.dim_filial;
DROP TABLE IF EXISTS dw.dim_tipo_servico;
DROP TABLE IF EXISTS dw.dim_funcao;
DROP TABLE IF EXISTS dw.dim_funcionario;
DROP TABLE IF EXISTS dw.dim_tutor;
DROP TABLE IF EXISTS dw.dim_pet;

DROP TABLE IF EXISTS staging.stg_atendimento;
DROP TABLE IF EXISTS staging.stg_quadro_clinico;
DROP TABLE IF EXISTS staging.stg_filial;
DROP TABLE IF EXISTS staging.stg_tipo_servico;
DROP TABLE IF EXISTS staging.stg_funcao;
DROP TABLE IF EXISTS staging.stg_funcionario;
DROP TABLE IF EXISTS staging.stg_tutor;
DROP TABLE IF EXISTS staging.stg_pet;


DROP TABLE IF EXISTS oltp.atendimento;
DROP TABLE IF EXISTS oltp.quadro_clinico;
DROP TABLE IF EXISTS oltp.funcao;
DROP TABLE IF EXISTS oltp.pet;
DROP TABLE IF EXISTS oltp.tutor;
DROP TABLE IF EXISTS oltp.funcionario;
DROP TABLE IF EXISTS oltp.filial;
DROP TABLE IF EXISTS oltp.endereco;
DROP TABLE IF EXISTS oltp.tipo_servico;



GO
/* ============================================================
   4. AMBIENTE OPERACIONAL - OLTP
   ============================================================ */


/* Tipos de servi’┐Įo oferecidos. */

CREATE TABLE oltp.tipo_servico (
    cod_tipo_servico INT IDENTITY(1,1) PRIMARY KEY,
    nome_tipo_servico VARCHAR(100) NOT NULL,
    valor_servico DECIMAL(10,2) DEFAULT 0.00
);

/* Endere’┐Įos*/
CREATE TABLE oltp.endereco(
    cod_endereco INT IDENTITY(1,1) PRIMARY KEY,
    cep VARCHAR(8) NOT NULL,
    estado VARCHAR(100) NOT NULL,
    cidade VARCHAR(100) NOT NULL,
    rua VARCHAR(100) NOT NULL,
    numero INT NOT NULL,
    complemento VARCHAR(100)
    
);
/* Filiais da Rede. */

CREATE TABLE oltp.filial (
    cod_filial INT IDENTITY(1,1) PRIMARY KEY,
    cod_endereco INT NOT NULL,
    nome_filial VARCHAR(100) NOT NULL,
    CONSTRAINT fk_endereco FOREIGN KEY (cod_endereco) REFERENCES oltp.endereco(cod_endereco)
);

select * from oltp.filial

/* Funcion’┐Įrios da Rede*/

CREATE TABLE oltp.funcionario (
    cod_funcionario INT IDENTITY(1,1) PRIMARY KEY,
    cod_endereco INT,
    matricula INT NOT NULL,
    nome_funcionario VARCHAR(100) NOT NULL,
    CRMV VARCHAR(100) NULL,
    CONSTRAINT fk_endereco_funcionario FOREIGN KEY (cod_endereco) REFERENCES oltp.endereco(cod_endereco)
);

/* Func’┐Įes de cada funcin’┐Įrio*/
CREATE TABLE oltp.funcao (
    cod_funcao INT IDENTITY(1,1) PRIMARY KEY,
    cod_funcionario INT NOT NULL,
    funcao  VARCHAR(100) NOT NULL,
    CONSTRAINT fk_funcao_funcionario FOREIGN KEY (cod_funcionario) REFERENCES oltp.funcionario(cod_funcionario)
);


/* Os clientes */
CREATE TABLE oltp.tutor(
    cod_tutor INT IDENTITY(1,1) PRIMARY KEY,
    cpf VARCHAR(11) NOT NULL,
    cod_endereco INT NOT NULL,
    nome_tutor VARCHAR(100) NOT NULL,
    email VARCHAR(100) NOT NULL,
    telefone VARCHAR(100) NOT NULL,
    CONSTRAINT fk_endereco_tutor FOREIGN KEY (cod_endereco) REFERENCES oltp.endereco(cod_endereco)
);

/* Os animais de cada tutor*/
CREATE TABLE oltp.pet(
    cod_pet INT IDENTITY(1,1) PRIMARY KEY,
    cod_tutor INT NOT NULL,
    nome VARCHAR(100) NOT NULL,
    especie VARCHAR(100) NOT NULL,
    raca VARCHAR(100) NULL,
    porte VARCHAR(100) NOT NULL,
    sexo CHAR(1) NOT NULL 
    CHECK (Sexo IN ('F', 'M', 'f', 'm')),
    CONSTRAINT fk_pet_tutor FOREIGN KEY (cod_tutor) REFERENCES oltp.tutor(cod_tutor)
);

/* Descri’┐Į’┐Įo da situa’┐Į’┐Įo inicial*/
CREATE TABLE oltp.quadro_clinico(
    cod_quadro_clinico INT IDENTITY(1,1) PRIMARY KEY,
    situacao_inicial VARCHAR(500) NOT NULL, 
    situacao_final VARCHAR(500)
);

/*Atendimentos registrados no sistema operacional*/
CREATE TABLE oltp.atendimento (
    cod_atendimento INT IDENTITY(1,1) PRIMARY KEY,
    cod_tipo_servico INT NOT NULL,
    cod_filial INT NOT NULL,
    cod_funcionario INT NOT NULL,
    cod_tutor INT NOT NULL,
    cod_pet INT NOT NULL,
    cod_quadro_clinico INT NOT NULL,
    data_inicio DATETIME2 NOT NULL,
    data_fim DATETIME2 NULL,
    prioridade VARCHAR(20) NOT NULL,
    CONSTRAINT fk_atendimento_tipo_servico FOREIGN KEY (cod_tipo_servico) REFERENCES oltp.tipo_servico(cod_tipo_servico),
    CONSTRAINT fk_atendimento_filial FOREIGN KEY (cod_filial) REFERENCES oltp.filial(cod_filial),
    CONSTRAINT fk_atendimento_funcionario FOREIGN KEY (cod_funcionario) REFERENCES oltp.funcionario(cod_funcionario),
    CONSTRAINT fk_atendimento_tutor FOREIGN KEY (cod_tutor) REFERENCES oltp.tutor(cod_tutor),
    CONSTRAINT fk_atendimento_pet FOREIGN KEY (cod_pet) REFERENCES oltp.pet(cod_pet),
    CONSTRAINT fk_atendimento_quadro_clinico FOREIGN KEY (cod_quadro_clinico) REFERENCES oltp.quadro_clinico(cod_quadro_clinico)
);

GO

SELECT * FROM oltp.quadro_clinico

/* ============================================================
   5. DADOS INICIAIS DO AMBIENTE OPERACIONAL (5 REGISTROS)
   ============================================================ */

-- 1. Endere’┐Įos
INSERT INTO oltp.endereco (cep, estado, cidade, rua, numero, complemento) VALUES 
('49001000', 'SE', 'Aracaju', 'Av. Hermes Fontes', 100, 'Apto 101'),
('49001001', 'SE', 'Aracaju', 'Rua Bahia', 205, NULL),
('49001002', 'SE', 'Aracaju', 'Av. Ivo do Prado', 50, 'Loja B'),
('49001003', 'SE', 'Aracaju', 'Rua Itabaiana', 800, 'Edif’┐Įcio Comercial'),
('49001004', 'SE', 'Aracaju', 'Av. Augusto Franco', 120, 'Casa');

-- 2. Tipos de Servi’┐Įo

INSERT INTO oltp.tipo_servico (nome_tipo_servico,valor_servico) VALUES 
('Banho e Tosa',90.00),
('Consulta Veterin’┐Įria',60.00),
('Vacina’┐Į’┐Įo',40.00),
('Aplica’┐Į’┐Įo de Medicamento',50.00),
('Cirurgia',30.00);
-- 3. Filiais
INSERT INTO oltp.filial (cod_endereco, nome_filial) VALUES 
(1, 'Filial Centro'), (2, 'Filial Sul'), (3, 'Filial Norte'), (4, 'Filial Leste'), (5, 'Filial Jardins');

-- 4. Funcion’┐Įrios
INSERT INTO oltp.funcionario (cod_endereco, matricula, nome_funcionario, CRMV) VALUES 
(1, 101, 'Ana Paula', NULL),
(2, 102, 'Ricardo Silva', 'CRM-SE 111'),
(3, 103, 'Fernanda Lima', 'CRM-SE 222'),
(4, 104, 'Marcos Oliveira', NULL),
(5, 105, 'Patr’┐Įcia Rocha', 'CRM-SE 333');

-- 5. Fun’┐Į’┐Įes
INSERT INTO oltp.funcao (cod_funcionario, funcao) VALUES 
(1, 'Atendente'), (2, 'Veterin’┐Įrio'), (3, 'Veterin’┐Įrio'), (4, 'Auxiliar'), (5, 'Veterin’┐Įrio');

-- 6. Tutores
INSERT INTO oltp.tutor (cpf, cod_endereco, nome_tutor, email, telefone) VALUES 
('11111111111', 1, 'Paulo', 't1@email.com', '79999990001'),
('22222222222', 2, 'Maria', 't2@email.com', '79999990002'),
('33333333333', 3, 'Carlos', 't3@email.com', '79999990003'),
('44444444444', 4, 'Pedro', 't4@email.com', '79999990004'),
('55555555555', 5, 'Bianca', 't5@email.com', '79999990005');

-- 7. Pets
INSERT INTO oltp.pet (cod_tutor, nome, especie, raca, porte, sexo) VALUES 
(1, 'Rex', 'Cachorro', 'Vira-lata', 'Grande', 'M'),
(2, 'Luna', 'Gato', 'Siam├¬s', 'Pequeno', 'F'),
(3, 'Thor', 'Cachorro', 'Pitbull', 'M├®dio', 'M'),
(4, 'Mia', 'Gato', 'Persa', 'Pequeno', 'F'),
(5, 'Bob', 'Cachorro', 'Poodle', 'Pequeno', 'M');

-- 8. Quadros Cl’┐Įnicos
INSERT INTO oltp.quadro_clinico (situacao_inicial, situacao_final) VALUES 
('Checkup anual', 'Vacinas em dia'),
('V’┐Įmitos constantes', 'Intoler’┐Įncia alimentar'),
('Ferimento na pata', 'Curativo realizado'),
('Apatia', 'Vitaminas prescritas'),
('Limpeza de ouvidos', 'Procedimento conclu’┐Įdo');

-- 9. Atendimentos
INSERT INTO oltp.atendimento (cod_tipo_servico, cod_filial, cod_funcionario, cod_tutor, cod_pet, cod_quadro_clinico, data_inicio, data_fim, prioridade) VALUES 
(1, 1, 1, 1, 1, 1, '2026-07-16 08:00:00', '2026-07-16 09:00:00', 'Baixa'),
(2, 2, 2, 2, 2, 2, '2026-07-16 09:00:00', '2026-07-16 10:00:00', 'Alta'),
(5, 3, 3, 3, 3, 3, '2026-07-16 10:00:00', '2026-07-16 12:00:00', 'Alta'),
(3, 4, 5, 4, 4, 4, '2026-07-16 14:00:00', '2026-07-16 14:30:00', 'M’┐Įdia'),
(1, 5, 1, 5, 5, 5, '2026-07-16 15:00:00', '2026-07-16 16:00:00', 'Baixa');
GO

SELECT * FROM oltp.quadro_clinico
SELECT * FROM oltp.tipo_servico
SELECT * FROM oltp.endereco
SELECT * FROM oltp.filial
SELECT * FROM oltp.funcionario
SELECT * FROM oltp.funcao
SELECT * FROM oltp.tutor
SELECT * FROM oltp.pet
SELECT * FROM oltp.atendimento

/* ============================================================
   6. ’┐ĮREA DE STAGING

   A staging armazena uma fotografia dos dados operacionais
   para cada data de carga.

   Ao reprocessar uma data:
   - somente os registros daquela data s’┐Įo removidos;
   - as demais cargas s’┐Įo preservadas.
   ============================================================ */

   CREATE TABLE staging.stg_tipo_servico (
       cod_tipo_servico INT NOT NULL,
       nome_tipo_servico VARCHAR(100) NOT NULL,
       data_carga DATE NOT NULL
   );

   CREATE TABLE staging.stg_filial (
        cod_filial INT NOT NULL,
        cidade VARCHAR (100) NOT NULL,
        estado VARCHAR (100) NOT NULL,
        nome_filial VARCHAR(100) NOT NULL,
        data_carga DATE NOT NULL
   );

   CREATE TABLE staging.stg_funcionario (
        cod_funcionario INT NOT NULL,
        cidade VARCHAR (100) NOT NULL,
        estado VARCHAR (100) NOT NULL,
        matricula INT NOT NULL,
        nome_funcionario VARCHAR(100) NOT NULL,
        CRMV VARCHAR(100) NULL,
        data_carga DATE NOT NULL
    );

  

    CREATE TABLE staging.stg_funcao (
    cod_funcao INT NOT NULL,
    cod_funcionario INT NOT NULL,
    funcao  VARCHAR(100) NOT NULL,
    data_carga DATE NOT NULL
    
);

   CREATE TABLE staging.stg_tutor(
     cod_tutor INT NOT NULL,
     cpf VARCHAR(11) NOT NULL,
     cidade VARCHAR (100) NOT NULL,
     estado VARCHAR (100) NOT NULL,
     nome_tutor VARCHAR(100) NOT NULL,
     email VARCHAR(100) NOT NULL,
     telefone VARCHAR(100) NOT NULL,
     data_carga DATE NOT NULL    
    );

  CREATE TABLE staging.stg_pet(
    cod_pet INT NOT NULL,
    cod_tutor INT NOT NULL,
    nome VARCHAR(100) NOT NULL,
    especie VARCHAR(100) NOT NULL,
    raca VARCHAR(100) NULL,
    porte VARCHAR(100) NOT NULL,
    sexo CHAR(1) NOT NULL,
    data_carga DATE NOT NULL   
);


 CREATE TABLE staging.stg_quadro_clinico(
    cod_quadro_clinico INT NOT NULL,
    situacao_inicial VARCHAR(500) NOT NULL, 
    situacao_final VARCHAR(500),
    data_carga DATE NOT NULL 
);



CREATE TABLE staging.stg_atendimento (
    cod_atendimento INT NOT NULL,
    cod_tipo_servico INT NOT NULL,
    cod_filial INT NOT NULL,
    cod_funcionario INT NOT NULL,
    cod_tutor INT NOT NULL,
    cod_pet INT NOT NULL,
    cod_quadro_clinico INT NOT NULL,
    data_inicio DATETIME2 NOT NULL,
    data_fim DATETIME2 NULL,
    prioridade VARCHAR(20) NOT NULL,
    valor DECIMAL(10,2) DEFAULT 0.00,
    data_carga DATE NOT NULL     
);
GO

/* ’┐Įndices para facilitar a localiza’┐Į’┐Įo dos dados de uma carga. */

CREATE INDEX ix_stg_atendimento_data_carga ON  staging.stg_atendimento(data_carga);
CREATE INDEX ix_stg_quadro_clinico_data_carga ON staging.stg_quadro_clinico(data_carga);
CREATE INDEX ix_stg_filial_data_carga ON staging.stg_filial(data_carga);
CREATE INDEX ix_stg_tipo_servico_data_carga ON staging.stg_tipo_servico(data_carga);
CREATE INDEX ix_stg_funcionario_data_carga ON staging.stg_funcionario(data_carga);
CREATE INDEX ix_stg_tutor_data_carga ON staging.stg_tutor(data_carga);
CREATE INDEX ix_stg_pet_data_carga ON staging.stg_pet(data_carga);
GO
   
/* ============================================================
   7. AMBIENTE DIMENSIONAL
   ============================================================ */

   /* ============================================================
   7.1 DIMENS’┐ĮO FUNCION’┐ĮRIO e DIMENS’┐ĮO TUTOR 

   Estrat’┐Įgia SCD Tipo 2.

   Quando um atributo hist’┐Įrico for alterado:
   - a vers’┐Įo atual ser’┐Į encerrada;
   - uma nova vers’┐Įo ser’┐Į criada;
   - o hist’┐Įrico ser’┐Į preservado.
   ============================================================ */
   CREATE TABLE dw.dim_funcionario (
        id_funcionario INT IDENTITY(1,1) PRIMARY KEY,
        cod_funcionario INT NOT NULL,
        matricula INT NOT NULL,
        nome_funcionario VARCHAR(100) NOT NULL,
        CRMV VARCHAR(100) NULL,
        cidade VARCHAR (100) NOT NULL,
        estado VARCHAR (100) NOT NULL,
        data_inicio DATE NOT NULL,
        data_fim DATE NULL,
        registro_atual BIT NOT NULL
    );

   CREATE TABLE dw.dim_tutor(
     id_tutor INT IDENTITY(1,1) PRIMARY KEY,
     cod_tutor INT NOT NULL,
     cpf VARCHAR(11) NOT NULL,
     cidade VARCHAR (100) NOT NULL,
     estado VARCHAR (100) NOT NULL,
     nome_tutor VARCHAR(100) NOT NULL,
     email VARCHAR(100) NOT NULL,
     telefone VARCHAR(100) NOT NULL,
     data_inicio DATE NOT NULL,
     data_fim DATE NULL,
     registro_atual BIT NOT NULL
  );


   /* ============================================================
   7.3 DIMENS’┐ĮO TEMPO

   A dimens’┐Įo tempo ’┐Į carregada separadamente.

   id_tempo:
   - chave substituta;
   - valor gerado automaticamente por IDENTITY.

   data_completa:
   - representa a chave natural da dimens’┐Įo.
   ============================================================ */

CREATE TABLE dw.dim_tempo (
    id_tempo INT IDENTITY(1,1) PRIMARY KEY,
    data_completa DATE NOT NULL,
    dia INT NOT NULL,
    mes INT NOT NULL,
    nome_mes VARCHAR(20) NOT NULL,
    trimestre INT NOT NULL,
    ano INT NOT NULL,
    numero_dia_semana INT NOT NULL,
    nome_dia_semana VARCHAR(20) NOT NULL,
    CONSTRAINT uq_dim_tempo_data_completa UNIQUE (data_completa)
);

/* ============================================================
   7.4 DIMENS’┐ĮO SERVI’┐ĮO

   Implementa’┐Į’┐Įo da estrat’┐Įgia SCD Tipo 1.

   Etapas:
   1. atualiza os registros existentes;
   2. insere os novos registros.
   ============================================================ */

   CREATE TABLE dw.dim_tipo_servico (
       id_tipo_servico INT IDENTITY(1,1) PRIMARY KEY,
       cod_tipo_servico INT NOT NULL,
       nome_tipo_servico VARCHAR(100) NOT NULL,
       data_atualizacao DATE NOT NULL,
       CONSTRAINT uq_dim_tipo_servico_cod_tipo_servico UNIQUE (cod_tipo_servico)
   );

   

 /* ============================================================
   7.5 DIMENS’┐ĮO FILIAL

    Estrat’┐Įgia SCD Tipo 2.

   Quando um atributo hist’┐Įrico for alterado:
   - a vers’┐Įo atual ser’┐Į encerrada;
   - uma nova vers’┐Įo ser’┐Į criada;
   - o hist’┐Įrico ser’┐Į preservado.
 ============================================================ */

  CREATE TABLE dw.dim_filial (
        id_filial INT IDENTITY(1,1) PRIMARY KEY,
        cod_filial INT NOT NULL,
        cidade VARCHAR (100) NOT NULL,
        estado VARCHAR (100) NOT NULL,
        nome_filial VARCHAR(100) NOT NULL,
        data_inicio DATE NOT NULL,
        data_fim DATE NULL,
        registro_atual BIT NOT NULL
   );

   /* ============================================================
   7.6 DIMENS’┐ĮO PET

   Implementa’┐Į’┐Įo da estrat’┐Įgia SCD Tipo 2.

   Etapas:
   1. atualiza os registros existentes;
   2. insere os novos registros.
   ============================================================ */
  CREATE TABLE dw.dim_pet(
    id_pet INT IDENTITY(1,1) PRIMARY KEY,
    cod_pet INT NOT NULL,
    nome VARCHAR(100) NOT NULL,
    especie VARCHAR(100) NOT NULL,
    raca VARCHAR(100) NULL,
    porte VARCHAR(100) NOT NULL,
    sexo CHAR(1) NOT NULL
    CHECK (Sexo IN ('F', 'M', 'f', 'm')),
    data_inicio DATE NOT NULL,
    data_fim DATE NULL,
    registro_atual BIT NOT NULL
    
);


/* ============================================================
   7.7 DIMENS’┐ĮO TURNO
   
   A dimens’┐Įo tempo ’┐Į carregada separadamente.
   
   Turno:
   - Manh’┐Į
   - Tarde
   - Noite
   ============================================================ */
  CREATE TABLE dw.dim_turno(
    id_turno INT IDENTITY(1,1) PRIMARY KEY,
    turno VARCHAR(5) NOT NULL
  );
  /* ============================================================
   7.8 DIMENS’┐ĮO QUADRO CLINICO
   
   Implementa’┐Į’┐Įo da estrat’┐Įgia SCD Tipo 2.

   Etapas:
   1. atualiza os registros existentes;
   2. insere os novos registros.
   ============================================================ */
  CREATE TABLE dw.dim_quadro_clinico(
    id_quadro_clinico INT IDENTITY(1,1) PRIMARY KEY,
    cod_quadro_clinico INT NOT NULL,
    situacao_inicial VARCHAR(500) NOT NULL, 
    situacao_final VARCHAR(500),
    data_inicio DATE NOT NULL,
    data_fim DATE NULL,
    registro_atual BIT NOT NULL
  );
/* ============================================================
   7.9 DIMENS’┐ĮO FUN’┐Į’┐ĮO
   
   Implementa’┐Į’┐Įo da estrat’┐Įgia SCD Tipo 1.

   Etapas:
   1. atualiza os registros existentes;
   2. insere os novos registros.
   ============================================================ */
    
    CREATE TABLE dw.dim_funcao (
    id_funcao INT IDENTITY(1,1) PRIMARY KEY,
    cod_funcao INT NOT NULL,
    funcao  VARCHAR(100) NOT NULL,
    data_atualizacao DATE NOT NULL,
    CONSTRAINT uq_dim_funcao_cod_tipo_funcao UNIQUE (cod_funcao)
    
);



/* ============================================================
   7.10 TABELA FATO

   
   Granularidade:
   - uma linha para cada atendimento.

   Medidas:
   - quantidade;
   - tempo_resolucao_horas.

   Dimens’┐Įo tempo:
   - id_tempo_abertura;
   - id_tempo_fechamento.
   ============================================================ */
   CREATE TABLE dw.fato_atendimento (
    id_atendimento BIGINT IDENTITY(1,1) PRIMARY KEY,
    cod_atendimento INT NOT NULL,
    id_tipo_servico INT NOT NULL,
    id_filial INT NOT NULL,
    id_funcionario INT NOT NULL,
    id_tutor INT NOT NULL,
    id_pet INT NOT NULL,
    id_turno INT NOT NULL,
    id_quadro_clinico INT NOT NULL,
    id_funcao_principal INT NOT NULL,
    id_funcao_secundaria INT NULL,
    id_tempo_inicio INT NOT NULL,
    id_tempo_fim INT NULL,
    quantidade INT DEFAULT 1,
    valor_atendimento DECIMAL(10,2) DEFAULT 0.00,
    data_carga DATE NOT NULL,

    CONSTRAINT uq_fato_atendimento_cod_atendimento UNIQUE (cod_atendimento),
    CONSTRAINT fk_atendimento_tipo_servico FOREIGN KEY (id_tipo_servico) REFERENCES dw.dim_tipo_servico(id_tipo_servico),
    CONSTRAINT fk_atendimento_filial FOREIGN KEY (id_filial) REFERENCES dw.dim_filial(id_filial),
    CONSTRAINT fk_atendimento_funcionario FOREIGN KEY (id_funcionario) REFERENCES dw.dim_funcionario(id_funcionario),
    CONSTRAINT fk_atendimento_tutor FOREIGN KEY (id_tutor) REFERENCES dw.dim_tutor(id_tutor),
    CONSTRAINT fk_atendimento_pet FOREIGN KEY (id_pet) REFERENCES dw.dim_pet(id_pet),
    CONSTRAINT fk_atendimento_turno FOREIGN KEY (id_turno) REFERENCES dw.dim_turno(id_turno),
    CONSTRAINT fk_atendimento_quadro_clinico FOREIGN KEY (id_quadro_clinico) REFERENCES dw.dim_quadro_clinico(id_quadro_clinico),
    CONSTRAINT fk_atendimento_funcao_principal FOREIGN KEY (id_funcao_principal) REFERENCES dw.dim_funcao(id_funcao),
    CONSTRAINT fk_atendimento_funcao_secundaria FOREIGN KEY (id_funcao_secundaria) REFERENCES dw.dim_funcao(id_funcao),
    CONSTRAINT fk_atendimento_tempo_inicio FOREIGN KEY (id_tempo_inicio) REFERENCES dw.dim_tempo(id_tempo),
    CONSTRAINT fk_atendimento_tempo_fim FOREIGN KEY (id_tempo_fim) REFERENCES dw.dim_tempo(id_tempo)
);
GO
